TotEmp,TotRet,TotCotis,TotPens,Reserve,NouvRet,NouvRec,Annee,Simulation
10210,1185,127210768.70999973,20145689.72,307065078.9899997,185,395,2025,1
10282,1369,127283918.85599966,20187044.80999999,414161953.0359994,184,256,2026,1
10498,1532,128632777.92599979,20264272.1,522530458.8619992,163,379,2027,1
10699,1722,129846793.9319999,20392321.615999997,631984931.1779991,190,391,2028,1
10842,1888,130517892.9299999,20554288.567999993,741948535.539999,166,309,2029,1
11043,2076,139675509.64499986,20781044.59400003,860843000.5909989,188,389,2030,1
11197,2276,140047630.92479995,21091703.11910003,979798928.3966988,200,354,2031,1
11422,2450,141457328.3130001,21379026.26150002,1099877230.448199,174,399,2032,1
11534,2647,141594623.42040008,21778236.57230001,1219693617.296299,197,309,2033,1
11741,2838,142583089.08629978,22199500.278800018,1340077206.1037989,191,398,2034,1
11942,3000,151933926.21130505,22655015.76072503,1469356116.554379,162,363,2035,1
10145,1176,125986703.26200001,19858652.96,306128050.30200005,176,321,2025,2
10250,1377,125993376.1679999,19908831.241999988,412212595.2279999,201,306,2026,2
10420,1557,126774985.82999992,19995444.649999984,518992136.4079999,180,350,2027,2
10593,1749,127545724.48199987,20137031.41699998,626400829.4729998,192,365,2028,2
10728,1931,127995916.44599989,20315095.288999982,734081650.6299998,182,317,2029,2
10901,2105,136764247.09140018,20524328.290249992,850321569.43115,174,347,2030,2
11000,2264,136725246.6306005,20779111.630249992,966267704.4315004,159,258,2031,2
11150,2455,137295932.8338001,21106176.03889998,1082457461.2264006,191,341,2032,2
11251,2642,137316214.55520025,21487407.30889999,1198286268.4727008,187,288,2033,2
11475,2817,138634606.92060012,21857631.858349983,1315063243.534951,175,399,2034,2
11555,3000,147252882.74657893,22285546.318924986,1440030579.962605,183,263,2035,2
10135,1187,126401192.45999983,19954806.62,306446385.8399998,187,322,2025,3
10334,1359,127386589.75200005,19996952.528000005,413836023.06399983,172,371,2026,3
10410,1558,127203694.09800005,20094245.276000004,520945471.88599986,199,275,2027,3
10547,1750,127904626.72800016,20222812.08500001,628627286.529,192,329,2028,3
10720,1931,128877652.15200014,20389543.937000014,737115394.7440002,181,354,2029,3
10873,2102,137682406.06770018,20594058.45875003,854203742.3529503,171,324,2030,3
10994,2270,138264128.33519986,20825277.31655003,971642593.3716002,168,289,2031,3
11212,2450,139561070.99039993,21124995.84440003,1090078668.5176,180,398,2032,3
11322,2648,139677099.66420034,21516823.991600066,1208238944.1902003,198,308,2033,3
11464,2827,140202141.75510016,21909591.468800064,1326531494.4765005,179,321,2034,3
11660,3000,149879015.20968014,22330954.929500084,1454079554.7566805,173,369,2035,3
10150,1183,126587051.25000009,19562240.64,307024810.6100001,183,333,2025,4
10250,1365,126944295.99600025,19602990.174,414366116.43200034,182,282,2026,4
10343,1554,127027707.17400028,19694143.278,521699680.3280006,189,282,2027,4
10554,1735,128218307.03400023,19821388.220999997,630096599.1410009,181,392,2028,4
10659,1925,128750044.0620004,19987120.72499999,738859522.4780012,190,295,2029,4
10742,2116,136638886.33319995,20221486.205999985,855276922.6052012,191,274,2030,4
10944,2309,137690849.79270017,20494093.928099994,972473678.4698014,193,395,2031,4
11110,2480,138330764.98470017,20802288.894899994,1090002154.5596015,171,337,2032,4
11319,2656,139546419.44640014,21138890.25929999,1208409683.7467017,176,385,2033,4
11480,2844,140077930.36829978,21581281.15124998,1326906332.9637516,188,349,2034,4
11707,3000,149732161.79629543,22012242.480824977,1454626252.279222,156,383,2035,4
10195,1190,126867060.60000005,20390456.3,306476604.3000001,190,385,2025,5
10394,1348,128060159.41200012,20428067.972000018,414108695.7400002,158,357,2026,5
10477,1542,128178294.77400018,20518376.582000002,521768613.9320004,194,277,2027,5
10630,1704,128697443.586,20642320.765999995,629823736.7520003,162,315,2028,5
10835,1890,129988458.15599991,20808548.45,739003646.4580002,186,391,2029,5
10968,2057,138644153.4008993,20995203.794750012,856652596.0641495,167,300,2030,5
11050,2233,138514434.47399965,21265644.310550023,973901386.2275991,176,258,2031,5
11233,2446,139050347.67749956,21646848.062150013,1091304885.8429487,213,396,2032,5
11377,2644,139638869.20499957,22016855.352950018,1208926899.6949983,198,342,2033,5
11535,2818,140373674.8049995,22389432.328700017,1326911142.1712978,174,332,2034,5
11642,3000,149186222.94992992,22839489.37722501,1453257875.7440028,182,289,2035,5
10129,1185,126514748.11799987,19893692.2,306621055.91799986,185,314,2025,6
10188,1384,126257195.39999986,19942156.734999996,412936094.5829997,199,258,2026,6
10296,1552,126535085.568,20023447.987000003,519447732.1639997,168,276,2027,6
10435,1741,126842994.70200016,20167616.620000016,626123110.2459998,189,328,2028,6
10576,1939,127678084.34400012,20342664.975999996,733458529.614,198,339,2029,6
10651,2123,135573335.84280023,20564864.03875,848467001.4180502,184,259,2030,6
10794,2294,136271463.24210018,20810067.271149978,963928397.3890004,171,314,2031,6
10968,2453,137299713.91800034,21063645.336099986,1080164465.9709008,159,333,2032,6
11079,2623,137454906.3210001,21404488.238499984,1196214884.053401,170,281,2033,6
11279,2819,138588874.9716002,21809149.022650003,1312994610.0023513,196,396,2034,6
11389,3000,147318757.37056503,22239343.30989998,1438074024.0630164,181,291,2035,6
10099,1173,125952160.06200016,20343698.38,305608461.68200016,173,272,2025,7
10158,1368,125709908.22000019,20390186.542,410928183.3600004,195,254,2026,7
10346,1562,126525360.47400033,20487360.009999998,516966183.8240007,194,382,2027,7
10424,1755,126418804.12200026,20628720.418000005,622756267.528001,193,271,2028,7
10561,1915,127288423.75200017,20769056.530000012,729275634.7500011,160,297,2029,7
10646,2105,135265353.75510016,20989897.86400001,843551090.6411012,190,275,2030,7
10736,2284,135397289.88630033,21251689.00270001,957696691.5247016,179,269,2031,7
10897,2454,136283025.6999004,21532862.841099977,1072446854.383502,170,331,2032,7
11043,2627,136960545.14370048,21857910.887499973,1187549488.6397026,173,319,2033,7
11115,2805,136919637.7494003,22231756.355649944,1302237370.033453,178,250,2034,7
11280,3000,145891043.23848006,22714012.280499935,1425414400.9914331,195,360,2035,7
10149,1185,126734922.91799977,19915789.98,306819132.9379998,185,334,2025,8
10239,1365,127036016.20199992,19956112.731000014,413899036.4089997,180,270,2026,8
10444,1552,128049608.51399997,20047566.429000016,521901078.4939996,187,392,2027,8
10518,1730,128243874.53399993,20163839.859000005,629981113.1689996,178,252,2028,8
10677,1916,128971925.712,20335815.075,738617223.8059995,186,345,2029,8
10776,2097,137082553.8222004,20559504.276750017,855140273.3514498,181,280,2030,8
10885,2276,137057748.80340034,20846411.379750017,971351610.7751002,179,288,2031,8
11079,2433,138096866.36820042,21112593.202650025,1088335883.9406507,157,351,2032,8
11288,2606,139090886.14470062,21477553.689450048,1205949216.3959012,173,382,2033,8
11393,2802,139410595.31460068,21878086.91205005,1323481724.798452,196,301,2034,8
11481,3000,147921081.85444415,22347733.522350054,1449055073.130546,198,286,2035,8
10074,1197,125480150.8860004,20366427.8,305113723.0860004,197,271,2025,9
10142,1389,125484527.6100003,20409976.445000015,410188274.25100064,192,260,2026,9
10361,1568,126874403.73600045,20490933.335000042,516571744.652001,179,398,2027,9
10502,1766,127038214.80000046,20648704.550000016,622961254.9020015,198,339,2028,9
10616,1937,127442301.33000036,20808932.534000035,729594623.6980019,171,285,2029,9
10698,2140,135188198.3007003,21064592.912750002,843718229.0859522,203,285,2030,9
10835,2302,135624439.39140016,21312609.504649974,958030058.9727024,162,299,2031,9
11007,2471,136379992.42500028,21613997.019049972,1072796054.3786527,169,341,2032,9
11110,2641,136603622.31030023,21944853.03544996,1187454823.653503,170,273,2033,9
11225,2843,136825145.9025003,22375560.97744996,1301904408.5785532,202,317,2034,9
11377,3000,145499525.16199422,22829793.579349954,1424574140.1611974,157,309,2035,9
10124,1194,126310283.92199998,20125601.58,306184682.342,194,318,2025,10
10266,1364,127001898.516,20165043.129,413021537.729,170,312,2026,10
10395,1537,127306231.31400004,20253857.294999994,520073911.748,173,302,2027,10
10587,1720,128131068.24600005,20390009.11499998,627814970.8790001,183,375,2028,10
10787,1888,129193270.23599999,20554229.534999974,736454011.58,168,368,2029,10
10898,2065,137300701.09439978,20783672.13299996,852971040.5413998,177,288,2030,10
10972,2255,137430978.78420028,21043765.333499953,969358253.9921001,190,264,2031,10
11134,2442,138283647.34200007,21350233.278149962,1086291668.0559502,187,349,2032,10
11300,2652,138746875.29569978,21778821.42134998,1203259721.9303,210,376,2033,10
11436,2816,139243646.48399973,22136796.644549984,1320366571.7697496,164,300,2034,10
11590,3000,148091555.81367013,22631265.976199985,1445826861.6072197,184,338,2035,10
10163,1180,126445428.1200005,19661197.48,306784230.64000046,180,343,2025,11
10305,1363,126870781.3740004,19706835.499000005,413948176.5150008,183,325,2026,11
10507,1520,128109566.11800046,19781668.662999995,522276073.9700013,157,359,2027,11
10629,1700,128531196.44400038,19908506.374,630898764.0400016,180,302,2028,11
10837,1887,129785069.29800034,20075157.838,740608675.5000019,187,395,2029,11
10946,2092,137999708.59980044,20326883.945499968,858281500.1543024,205,314,2030,11
11077,2278,138366491.66850013,20602212.68169998,976045779.1411026,186,317,2031,11
11190,2447,138849979.39650023,20870273.71584996,1094025484.8217528,169,282,2032,11
11345,2636,139492992.7953003,21233082.299049947,1212285395.3180032,189,344,2033,11
11420,2826,139459340.2029005,21636420.21549994,1330108315.3054037,190,265,2034,11
11596,3000,148277707.13935548,22133568.52292496,1456252453.9218342,174,350,2035,11
10192,1196,126848304.15000017,20029641.4,306818662.7500002,196,388,2025,12
10278,1378,126904256.42400035,20073230.091999993,413649689.08200055,182,268,2026,12
10418,1556,127362881.17200041,20160659.055999998,520851911.19800097,178,318,2027,12
10503,1734,127558880.40600027,20282735.100999996,628128056.5030012,178,263,2028,12
10664,1941,128432599.0500004,20468385.013000015,736092270.5400016,207,368,2029,12
10788,2142,136745428.58429995,20699895.900999986,852137803.2233016,201,325,2030,12
10982,2327,137719556.63429993,20968726.722699955,968888633.1349016,185,379,2031,12
11144,2485,138646099.76670003,21223476.14979996,1086311256.7518017,158,320,2032,12
11355,2669,139712654.92500022,21591395.217399947,1204432516.459402,184,395,2033,12
11541,2833,140552001.9975001,21965084.902299937,1323019433.5546021,164,350,2034,12
11671,3000,149674174.10519993,22368295.182324935,1450325312.477477,167,297,2035,12
10163,1198,126548384.72999991,20271110.34,306277274.3899999,198,361,2025,13
10298,1363,127188733.93799983,20309438.595000003,413156569.73299974,165,300,2026,13
10376,1540,127124825.56199977,20395454.553000014,519885940.7419995,177,255,2027,13
10446,1723,126995232.6239998,20528278.46100003,626352894.9049993,183,253,2028,13
10539,1897,127056582.63599987,20702510.841000043,732706966.6999991,174,267,2029,13
10624,2066,134946277.8606004,20915312.083500043,846737932.4770994,169,254,2030,13
10713,2237,135169656.98640034,21150636.60720007,960756952.8562996,171,260,2031,13
10885,2420,135905137.86060017,21469329.689250056,1075192761.0276499,183,355,2032,13
10972,2628,135575367.5502004,21904337.734050017,1188863790.8438003,208,295,2033,13
11120,2816,136248771.71430025,22300023.815400023,1302812538.7427006,188,336,2034,13
11258,3000,144752623.0062304,22784439.173925053,1424780722.575006,184,322,2035,13
10067,1184,125471484.16199994,19861295.22,305610188.9419999,184,251,2025,14
10288,1351,126970300.3619999,19898506.905,412681982.3989998,167,388,2026,14
10497,1505,128405626.44599997,19968101.955,521119506.88999975,154,363,2027,14
10601,1697,128865533.04599993,20093607.404999994,629891432.5309997,192,296,2028,14
10691,1904,128954007.42599969,20286540.285,738558899.6719993,207,297,2029,14
10903,2063,137948454.6729006,20495370.43275,856011983.9121499,159,371,2030,14
11057,2235,138370640.06160066,20766805.050750002,973615818.9230006,172,326,2031,14
11218,2407,139297786.1679005,21050399.097149983,1091863205.993751,172,333,2032,14
11359,2601,139988975.9559004,21395749.19594999,1210456432.7537014,194,335,2033,14
11487,2805,140439152.49270043,21821844.36615,1329073740.880252,204,332,2034,14
11595,3000,149212351.10331002,22298594.626499992,1455987497.3570619,195,303,2035,14
10105,1186,126048439.62599982,20020544.14,306027895.4859998,186,291,2025,15
10312,1354,127090456.1999998,20063212.29699999,413055139.38899964,168,375,2026,15
10389,1534,127207841.844,20145813.23499998,520117167.99799967,180,257,2027,15
10584,1727,128291628.46200003,20280794.388999972,628128002.0709997,193,388,2028,15
10754,1917,128892885.20400022,20473378.58499998,736547508.6899999,190,360,2029,15
10914,2075,137730479.91809976,20664638.74149997,853613349.8665997,158,318,2030,15
11112,2259,138624463.09769997,20942368.061199974,971295444.9030997,184,382,2031,15
11227,2431,138955879.53089976,21223541.436549984,1089027782.9974494,172,287,2032,15
11370,2627,139416400.03589973,21603305.764149964,1206840877.2691991,196,339,2033,15
11510,2827,140073883.91819954,22002614.94714994,1324912146.2402487,200,340,2034,15
11604,3000,148621467.44075963,22449200.278299958,1451084413.4027083,173,267,2035,15
10209,1176,126907818.99599953,19401633.9,307506185.09599954,176,385,2025,16
10416,1364,127973540.35799955,19446277.8,416033447.6539991,188,395,2026,16
10621,1550,129209892.6779994,19531298.106000002,525712042.2259985,186,391,2027,16
10803,1720,130202184.49799944,19655171.226,636259055.497998,170,352,2028,16
10885,1913,130417584.9179996,19827279.07799997,746849361.3379977,193,275,2029,16
11080,2092,139476875.88540003,20049323.79074994,866276913.4326477,179,374,2030,16
11302,2261,140932137.2813998,20285356.38404992,986923694.3299975,169,391,2031,16
11415,2439,141202055.11619997,20594327.576999918,1107531421.8691976,178,291,2032,16
11628,2624,142365865.49009997,20952130.986599922,1228945156.3726976,185,398,2033,16
11750,2820,142656509.09159988,21376933.651949935,1350224731.8123474,196,318,2034,16
11942,3000,152358489.8620955,21811058.53912493,1480772163.135318,180,372,2035,16
10119,1193,125948079.93600076,19748372.08,306199707.8560008,193,312,2025,17
10254,1381,126364473.26400085,19794663.471999984,412769517.6480017,188,323,2026,17
10419,1557,127094766.6000007,19880413.107999995,519983871.14000237,176,341,2027,17
10557,1750,127468623.22800066,20020903.423000004,627431590.945003,193,331,2028,17
10627,1930,127270529.62800056,20196781.698999994,734505338.8740036,180,250,2029,17
10734,2103,135222988.29809958,20415472.275999993,849312854.8961033,173,280,2030,17
10942,2277,136703129.09189957,20645570.15590001,965370413.8321028,174,382,2031,17
11081,2451,137303425.3520994,20940027.509650007,1081733811.6745522,174,313,2032,17
11167,2654,137473113.1103994,21312335.40925,1197894589.3757017,203,289,2033,17
11290,2828,137745792.74729934,21698850.719200015,1313941531.403801,174,297,2034,17
11495,3000,147206879.2489205,22133919.996850006,1439014490.6558714,172,377,2035,17
10094,1200,125720891.90400016,19892618.86,305828273.04400015,200,294,2025,18
10174,1370,125913366.9180001,19930569.471999988,411811070.49000025,170,250,2026,18
10273,1537,126239107.09800014,20008958.52399999,518041219.06400037,167,266,2027,18
10393,1716,126627322.4520003,20137942.833999973,624530598.6820006,179,299,2028,18
10551,1900,127686354.37200038,20290969.74999999,731925983.3040011,184,342,2029,18
10680,2050,136346992.59360027,20456238.13825,847816737.7593514,150,279,2030,18
10839,2237,136711912.8168001,20755633.56744998,963773017.0087014,187,346,2031,18
10942,2392,137032116.48509955,21010709.444799982,1079794424.049001,155,258,2032,18
11101,2591,137419759.24949995,21421471.838799987,1195792711.459701,199,358,2033,18
11287,2799,138202902.4367997,21880230.489849977,1312115383.4066508,208,394,2034,18
11436,3000,147273536.1039305,22351934.662824985,1437036984.8477564,201,350,2035,18
10204,1178,127062462.1440001,19973050.44,307089411.7040001,178,382,2025,19
10276,1362,126911265.52199988,20017404.37199998,413983272.85400003,184,256,2026,19
10378,1538,127320119.75999996,20096924.609999962,521206468.00400007,176,278,2027,19
10495,1723,127506285.65399976,20233788.140999973,628478965.5169998,185,302,2028,19
10558,1926,127426356.91799988,20417676.824999966,735487645.6099998,203,266,2029,19
10670,2089,135593438.2472998,20610063.405749947,850471020.4515496,163,275,2030,19
10725,2288,135381871.09650004,20888090.13584997,964964801.4121997,199,254,2031,19
10845,2475,135760829.00370014,21199431.681749973,1079526198.73415,187,307,2032,19
11022,2649,136644569.21430013,21540911.56454996,1194629856.3839002,174,351,2033,19
11151,2831,136890280.4462998,21954092.600999966,1309566044.2292,182,311,2034,19
11281,3000,145553154.7086,22386084.911399946,1432733114.0263999,169,299,2035,19
10127,1191,126042006.36000015,19759187.58,306282818.78000015,191,318,2025,20
10332,1367,127273002.90600018,19800325.761,413755495.9250003,176,381,2026,20
10505,1547,128485954.74000004,19877102.643000018,522364348.0220003,180,353,2027,20
10605,1739,128506420.67400007,20020211.175000012,630850557.5210004,192,292,2028,20
10694,1935,128530372.21200006,20202997.94700001,739177931.7860005,196,285,2029,20
10906,2103,137542471.4231998,20420813.028749995,856299590.1804503,168,380,2030,20
11085,2289,138470128.7285998,20683655.026349973,974086063.8827001,186,365,2031,20
11169,2471,138328104.60029954,21009733.138499964,1091404435.3444996,182,266,2032,20
11252,2651,138631365.1532997,21326155.40129995,1208709645.0964994,180,263,2033,20
11450,2822,139772360.7011997,21696086.641649954,1326785919.1560493,171,369,2034,20
11607,3000,148690526.34379572,22161954.99547497,1453314490.50437,178,335,2035,20
10143,1180,126328231.07999976,19914727.28,306413503.7999998,180,323,2025,21
10257,1353,126816013.98599975,19954516.358000014,413275001.4279995,173,287,2026,21
10445,1548,127744327.79399963,20049032.360000014,520970296.8619991,195,383,2027,21
10513,1738,127766738.92199947,20178942.77,628558093.0139985,190,258,2028,21
10709,1925,129140657.51399957,20341138.705999997,737357611.8219981,187,383,2029,21
10935,2091,138386599.74029997,20553917.898499984,855190293.6637981,166,392,2030,21
11021,2286,138033467.9243998,20867940.018799983,972355821.5693979,195,281,2031,21
11089,2472,137888954.59499973,21175907.010649968,1089068869.1537478,186,254,2032,21
11193,2638,138186459.32280004,21490758.960649967,1205764569.5158978,166,270,2033,21
11281,2807,138458363.4525002,21827170.805299975,1322395762.1630979,169,257,2034,21
11465,3000,147395816.91754493,22342863.570649996,1447448715.5099928,193,377,2035,21
10138,1207,126556403.16599986,19745110.3,306811292.8659999,207,345,2025,22
10298,1396,127744772.99999997,19784371.56400002,414771694.3019998,189,349,2026,22
10410,1581,128313475.36200012,19863722.37400002,523221447.2899999,185,297,2027,22
10529,1730,129011906.17800009,19961636.911000036,632271716.5569999,149,268,2028,22
10622,1923,128977496.18400006,20152791.847000066,741096420.8939999,193,286,2029,22
10792,2094,137642064.4250997,20373735.49300006,858364749.8260996,171,341,2030,22
10986,2285,138457203.7439999,20661956.33500006,976159997.2350994,191,385,2031,22
11221,2443,139933365.53520006,20928076.26355007,1095165286.5067494,158,393,2032,22
11425,2633,141077685.99090025,21298236.140350077,1214944736.3572996,190,394,2033,22
11536,2800,141553267.20960018,21635286.795550063,1334862716.7713497,167,278,2034,22
11674,3000,150409163.08114463,22154350.10185007,1463117529.7506442,200,338,2035,22
10116,1210,126192393.37800013,19916769.16,306275624.2180001,210,326,2025,23
10210,1393,126470121.49800004,19958788.437999994,412786957.2780002,183,277,2026,23
10296,1583,126306673.36799999,20054254.60600001,519039376.04000014,190,276,2027,23
10405,1750,126804759.10800003,20166301.996,625677833.1520002,167,276,2028,23
10598,1937,127894670.65200004,20337257.367999997,733235246.4360002,187,380,2029,23
10785,2124,136742952.90240008,20559764.46924999,849418434.8691503,187,374,2030,23
10979,2291,137754876.4403999,20806489.94544999,966366821.3641002,167,361,2031,23
11163,2479,138658556.34569997,21125691.61074998,1083899686.0990503,188,372,2032,23
11333,2662,139472175.90240017,21481941.99474996,1201889920.0067005,183,353,2033,23
11439,2829,139722798.00960025,21840631.836399946,1319772086.179901,167,273,2034,23
11518,3000,148030900.0331853,22287966.845499944,1445515019.3675861,171,250,2035,23
10209,1189,127258798.42199938,19622751.22,307636047.20199937,189,398,2025,24
10415,1361,128527377.45599926,19662915.211,416500509.4469986,172,378,2026,24
10567,1548,129159202.19399905,19751110.12899999,525908601.51199764,187,339,2027,24
10706,1713,130127889.76799913,19856795.085999995,636179696.1939968,165,304,2028,24
10903,1877,131373929.9999992,20007585.417999987,747546040.775996,164,361,2029,24
10993,2074,139272847.02240002,20260682.043249972,866558205.755146,197,287,2030,24
11073,2245,138999208.98720014,20534038.186449982,985023376.5558962,171,251,2031,24
11207,2436,139525754.0349,20845280.793999992,1103703849.796796,191,325,2032,24
11324,2619,140007362.07059988,21176675.712399986,1222534536.154996,183,300,2033,24
11498,2806,140842006.5740994,21572563.2205,1341803979.5085952,187,361,2034,24
11649,3000,149650470.6951903,22090072.299475007,1469364377.9043105,194,345,2035,24
10198,1175,126956491.76999988,20027526.12,306928965.64999986,175,373,2025,25
10336,1345,127932314.17199989,20063102.178000003,414798177.64399976,170,308,2026,25
10454,1519,128293866.2639999,20147249.976000004,522944793.9319997,174,292,2027,25
10538,1697,128443523.93999995,20270437.214999992,631117880.6569996,178,262,2028,25
10623,1875,128698671.62400001,20432159.475000013,739384392.8059996,178,263,2029,25
10777,2059,137183553.5135999,20662651.65300001,855905294.6665995,184,338,2030,25
10842,2264,137037890.81189963,20946167.774700016,971997017.7037991,205,270,2031,25
10965,2445,137515953.4664996,21250778.271449994,1088262192.8988488,181,304,2032,25
11136,2630,138332807.64989987,21600865.239449985,1204994135.3092988,185,356,2033,25
11329,2827,139004913.3948003,22055744.193000007,1321943304.511099,197,390,2034,25
11454,3000,147667590.37180504,22505453.259450007,1447105441.623454,173,298,2035,25
10149,1167,126203691.04800011,19979484.26,306224206.7880001,167,316,2025,26
10362,1341,127627303.33199988,20018594.30300003,413832915.817,174,387,2026,26
10561,1535,128715376.54799993,20109099.30500004,522439193.0599999,194,393,2027,26
10641,1725,128645042.08800001,20245973.294000056,630838261.8539999,190,270,2028,26
10839,1883,130211502.45000005,20374524.37400004,740675239.9299998,158,356,2029,26
11049,2063,139579237.49909914,20579727.848000072,859674749.5810989,180,390,2030,26
11205,2231,139745748.96449938,20872095.10430006,978548403.4412982,168,324,2031,26
11291,2421,139765222.28699943,21185304.90260005,1097128320.8256977,190,276,2032,26
11455,2636,140444680.8479995,21586631.837000035,1215986369.836697,215,379,2033,26
11544,2833,140508651.45329937,22003493.52560002,1334491527.7643964,197,286,2034,26
11746,3000,150093970.54734027,22431105.38300001,1462154392.9287367,167,369,2035,26
10163,1193,126774842.3820004,19442647.76,307332194.6220004,193,356,2025,27
10333,1371,127794456.86400048,19484394.64699999,415642256.8390009,178,348,2026,27
10529,1558,129109119.0780005,19565027.003000002,525186348.91400135,187,383,2027,27
10655,1754,129535355.9460006,19703523.746000014,635018181.114002,196,322,2028,27
10892,1912,131145938.4900005,19851035.138000034,746313084.4660025,158,395,2029,27
10971,2088,139283213.54250032,20057720.592500035,865538577.4160028,176,255,2030,27
11053,2264,139393603.39020032,20304345.123800036,984627835.6824031,176,258,2031,27
11166,2442,139427771.52120042,20627161.666100003,1103428445.5375035,178,291,2032,27
11349,2640,140623085.6163002,20968982.3537,1223082548.8001037,198,381,2033,27
11505,2811,141334723.3499998,21340059.444349993,1343077212.7057536,171,327,2034,27
11673,3000,150601871.41063374,21811022.5058,1471868061.6105874,189,357,2035,27
10068,1184,125517474.41399966,19839897.22,305677577.19399965,184,252,2025,28
10156,1370,125649928.33199953,19882489.944999978,411445015.5809992,186,274,2026,28
10350,1532,126854769.20999956,19958367.354999967,518341417.4359988,162,356,2027,28
10476,1719,127454816.68199955,20084419.89699995,625711814.2209984,187,313,2028,28
10608,1906,128022662.6219994,20257940.796999965,733476536.0459979,187,319,2029,28
10692,2091,135935771.2064998,20488060.440249942,848924246.8122478,185,269,2030,28
10858,2259,136516267.31909984,20756549.663349956,964683964.4679977,168,334,2031,28
10982,2428,137043608.75550026,21033353.853249952,1080694219.370248,169,293,2032,28
11103,2592,137518918.1700002,21342402.41964996,1196870735.1205983,164,285,2033,28
11207,2806,137402303.57819983,21827444.38404993,1312445594.3147483,214,318,2034,28
11353,3000,145943495.4482256,22350052.1065749,1436039037.656399,194,340,2035,28
10100,1168,126017151.1259994,19655820.08,306361331.0459994,168,268,2025,29
10251,1334,126783080.16599956,19695014.668999966,413449396.542999,166,317,2026,29
10331,1516,126898573.70399965,19777222.654999994,520570747.5919987,182,262,2027,29
10398,1718,126743556.3419997,19922262.955999985,627392040.9779984,202,269,2028,29
10479,1913,126639640.3139997,20111968.808000006,733919712.4839981,195,276,2029,29
10545,2107,134326164.73979965,20349694.70899999,847896182.5147977,194,260,2030,29
10656,2276,134689644.31259948,20587731.911899995,961998094.9154972,169,280,2031,29
10863,2454,135607928.5145995,20912851.04750001,1076693172.3825967,178,385,2032,29
10996,2634,136108586.32559955,21257339.60869998,1191544419.0994964,180,313,2033,29
11210,2804,137459591.59169972,21615590.677399985,1307388420.013796,170,384,2034,29
11322,3000,146137143.20179534,22086617.63975,1431438945.5758414,196,308,2035,29
10225,1172,127448868.822,20167105.76,307281763.062,172,397,2025,30
10433,1361,128954170.81800011,20206550.374999985,416029383.5050001,189,397,2026,30
10537,1531,129254731.75800009,20288619.340999953,524995495.9220003,170,274,2027,30
10696,1709,130253486.4539998,20403446.983999938,634845535.3920002,178,337,2028,30
10768,1902,130192730.95199984,20584895.55199993,744453370.792,193,265,2029,30
10886,2086,138330739.00950015,20817625.8049999,861966483.9965003,184,302,2030,30
11036,2254,138874732.67010048,21071394.933199897,979769821.7334008,168,318,2031,30
11173,2448,139076028.3645009,21425555.329999905,1097420294.767902,194,331,2032,30
11394,2609,140463877.48650074,21732517.9663999,1216151654.2880027,161,382,2033,30
11558,2801,141004378.65090057,22169669.97679993,1334986362.9621034,192,356,2034,30
11661,3000,149615149.91056496,22682222.568574954,1461919290.3040934,199,302,2035,30
10195,1187,126443814.57599935,20237313.94,306206500.6359993,187,382,2025,31
10264,1383,126226907.90999952,20284773.31,412148635.23599887,196,265,2026,31
10452,1565,126913134.10799955,20380276.647999987,518681492.69599843,182,370,2027,31
10601,1752,127669249.46999963,20502886.86999998,625847855.2959981,187,336,2028,31
10710,1926,128394859.96799968,20647891.533999972,733594823.7299979,174,283,2029,31
10946,2085,137779446.14729962,20840073.821499966,850534196.0557976,159,395,2030,31
11136,2266,138581287.29719943,21116729.129799966,967998754.223197,181,371,2031,31
11228,2454,138406998.34019944,21457240.510449965,1084948512.0529466,188,280,2032,31
11423,2624,139467563.09339952,21783403.05204999,1202632672.094296,170,365,2033,31
11550,2802,140024709.6308993,22149346.836550012,1320508034.8886452,178,305,2034,31
11682,3000,148838763.33203998,22652495.114350002,1446694303.1063352,198,330,2035,31
10209,1185,127110282.4979998,20371575.36,306738707.1379998,185,394,2025,32
10341,1361,127360635.3119999,20417901.46500001,413681440.98499966,176,308,2026,32
10430,1565,127746124.99800019,20504297.229000006,520923268.7539998,204,293,2027,32
10626,1748,128686477.34400044,20641777.782000013,628967968.3160002,183,379,2028,32
10813,1934,129519131.2740004,20825127.018000018,737661972.5720006,186,373,2029,32
11001,2112,138198873.15689975,21065883.140250035,854794962.5886503,178,366,2030,32
11106,2296,138390100.64609948,21336244.408350006,971848818.8263998,184,289,2031,32
11221,2489,138705085.85249975,21650715.55485002,1088903189.1240497,193,308,2032,32
11405,2648,139562392.64399958,21981364.830450006,1206484216.9375992,159,343,2033,32
11569,2826,140263158.35489973,22371689.98350002,1324375685.3089988,178,342,2034,32
11730,3000,149487862.5026543,22815384.72502501,1451048163.0866282,174,335,2035,32
10086,1206,125699383.47599976,20257711.68,305441671.79599977,206,292,2025,33
10195,1381,125927060.80199996,20299763.48700001,411068969.1109997,175,284,2026,33
10299,1545,126305443.16999982,20376771.789000012,516997640.4919995,164,268,2027,33
10383,1715,126548804.20199987,20494319.960999995,623052124.7329993,170,254,2028,33
10567,1876,127622276.44799979,20646525.441,730027875.739999,161,345,2029,33
10670,2050,135754365.81990016,20860828.067999985,844921413.4918993,174,277,2030,33
10852,2240,136494866.5725002,21145287.620999984,960270992.4433994,190,372,2031,33
10978,2449,136752192.11700022,21500060.4786,1075523124.0817997,209,335,2032,33
11109,2615,137098459.37070033,21830447.6238,1190791135.8287,166,297,2033,33
11276,2804,137691711.12810007,22252779.586649995,1306230067.37015,189,356,2034,33
11452,3000,146835864.5143199,22736544.822974987,1430329387.061495,196,372,2035,33
10136,1194,126452072.95800012,20276393.26,306175679.69800013,194,330,2025,34
10314,1339,127569881.70000014,20309576.326000027,413435985.07200027,145,323,2026,34
10482,1541,128356537.16400033,20402845.558000065,521389676.67800057,202,370,2027,34
10588,1726,128888700.43800016,20522707.27900007,629755669.8370006,185,291,2028,34
10672,1917,129004543.04400009,20695446.643000096,738064766.2380006,191,275,2029,34
10892,2095,138266627.34839955,20902437.26950009,855428956.3169001,178,398,2030,34
11061,2265,138954229.89119938,21164335.835800067,973218850.3722994,170,339,2031,34
11233,2453,139325755.09769905,21527916.676150054,1091016688.7938485,188,360,2032,34
11382,2636,139801020.76319918,21901707.217750054,1208916002.3392975,183,332,2033,34
11494,2822,140184862.58009934,22284230.309050053,1326816634.6103468,186,298,2034,34
11699,3000,149597313.75736523,22747211.77765006,1453666736.590062,178,383,2035,34
10217,1182,127189373.66399975,20290998.52,306898375.14399976,182,399,2025,35
10360,1363,128182216.35599996,20328226.689999986,414752364.8099997,181,324,2026,35
10558,1556,129281887.18200006,20416994.992000006,523617256.99999976,193,391,2027,35
10705,1761,129840162.54600014,20564254.02700001,632893165.5189999,205,352,2028,35
10918,1935,131106208.77600025,20728235.383000016,743271138.9120002,174,387,2029,35
11099,2112,140099104.9026004,20943100.946499996,862427142.8681006,177,358,2030,35
11234,2304,140243559.70770016,21240015.486100014,981430687.0897008,192,327,2031,35
11356,2477,140570382.97350016,21539585.837950014,1100461484.225251,173,295,2032,35
11447,2643,140679996.6867002,21857326.337950014,1219284154.574001,166,257,2033,35
11603,2821,141156350.3127002,22270646.09095002,1338169858.7957513,178,334,2034,35
11705,3000,149606476.05505466,22758340.769575015,1465017994.0812309,179,281,2035,35
10227,1168,127438639.71600014,20268685.32,307169954.39600015,168,395,2025,36
10356,1341,128196535.66200005,20306652.585000005,415059837.47300017,173,302,2026,36
10515,1549,128631503.52600013,20410032.01499997,523281308.9840003,208,367,2027,36
10707,1732,129798729.38400003,20529688.355999954,632550350.0120004,183,375,2028,36
10800,1929,130186665.23400009,20697979.16399997,742039036.0820005,197,290,2029,36
10944,2120,138694762.9289999,20930414.16749997,859803384.8435004,191,335,2030,36
11091,2279,139147521.6975,21174470.755799964,977776435.7852004,159,306,2031,36
11205,2451,139561176.39870012,21461891.138699964,1095875721.0452006,172,286,2032,36
11387,2616,140578305.99750042,21774724.71989996,1214679302.322801,165,347,2033,36
11493,2795,141066877.45620015,22128197.70794998,1333617982.0710514,179,285,2034,36
11545,3000,149375945.7719397,22621862.953274995,1460372064.8897161,205,257,2035,36
10207,1169,126919004.78399982,20108320.58,306810684.2039998,169,376,2025,37
10306,1368,127006762.10399988,20156171.810000014,413661274.49799967,199,298,2026,37
10455,1545,127867161.96600002,20235013.20199998,521293423.2619997,177,326,2027,37
10597,1742,128384840.66400006,20378080.090999965,629300183.8349998,197,339,2028,37
10788,1906,129553987.02600002,20527266.022999976,738326904.8379998,164,355,2029,37
10875,2070,137737783.61250004,20720926.873249967,855343761.5772499,164,251,2030,37
10942,2265,137358694.48260003,21016096.77274997,971686359.2871,195,262,2031,37
11072,2424,137858192.16030005,21289927.101199977,1088254624.3462,159,289,2032,37
11264,2591,138820186.0148999,21623622.275599986,1205451188.0855,167,359,2033,37
11324,2802,138522187.10130024,22084117.761049986,1321889257.4257503,211,271,2034,37
11503,3000,147810210.7319406,22569880.132025003,1447129588.0256658,198,377,2035,37
10069,1199,125339400.32999974,20266312.96,305073087.36999977,199,268,2025,38
10264,1401,126598690.18799992,20310036.493,411361741.0649997,202,397,2026,38
10391,1579,127068582.71400008,20394373.290999997,518035950.4879998,178,305,2027,38
10525,1745,127927371.20400013,20497094.66499998,625466227.027,166,300,2028,38
10612,1945,128030556.9780001,20684201.47299998,732812582.5320001,200,287,2029,38
10758,2139,136388943.77219963,20920238.013249964,848281288.2909497,194,340,2030,38
10927,2313,137034488.21909982,21183965.230149955,964131811.2798996,174,343,2031,38
11042,2475,137351827.4093996,21461095.252899934,1080022543.4363992,162,277,2032,38
11126,2656,137324093.30339894,21814845.696099937,1195531791.0436983,181,265,2033,38
11233,2814,137378456.33009905,22183850.77029993,1310726396.6034975,158,265,2034,38
11347,3000,145771138.01410556,22663963.699749943,1433833570.917853,186,300,2035,38
10191,1166,126504888.40800004,19880133.04,306624755.36800003,166,357,2025,39
10325,1380,126936885.42000002,19930086.265000008,413631554.523,214,348,2026,39
10421,1543,127488842.658,20000457.726999998,521119939.454,163,259,2027,39
10617,1722,128720832.4620001,20121842.095000006,629718929.8210001,179,375,2028,39
10757,1916,129477404.394,20294624.719000008,738901709.496,194,334,2029,39
10859,2094,137759449.2678004,20503489.154500008,856157669.6093004,178,280,2030,39
10957,2272,137954670.78390062,20754908.767000012,973357431.6262009,178,276,2031,39
11129,2460,138585070.7886009,21088185.14574999,1090854317.2690518,188,360,2032,39
11201,2649,138225718.05120096,21479136.408549987,1207600898.9117026,189,261,2033,39
11333,2832,138705668.33190084,21861205.049350005,1324445362.1942534,183,315,2034,39
11478,3000,147653297.15053555,22275304.181650013,1449823355.1631389,168,313,2035,39
10084,1176,125847001.428,19964584.16,305882417.268,176,260,2025,40
10247,1367,126872668.39799987,20006477.101999987,412748608.5639999,191,354,2026,40
10371,1562,127293140.17199975,20097643.85600001,519944104.87999964,195,319,2027,40
10510,1749,128046801.34799984,20221419.073999994,627769487.1539994,187,326,2028,40
10707,1943,128941412.77199996,20413720.357999995,736297179.5679994,194,391,2029,40
10893,2104,137920558.63620004,20616032.74625,853601705.4579494,161,347,2030,40
11089,2282,139026502.02209997,20869448.104250014,971758759.3757994,178,374,2031,40
11304,2452,140300042.8407002,21149210.720600024,1090909591.4958997,170,385,2032,40
11484,2642,140889569.61300004,21545205.965000007,1210253955.1438997,190,370,2033,40
11658,2826,141717992.14589983,21941185.752350006,1330030761.5374496,184,358,2034,40
11875,3000,151176588.7445104,22432018.52082501,1458775331.761135,174,391,2035,40
